id_municipio,pib,impostos_liquidos,va_agropecuaria,va_industria,va_servicos,va_adespss
3102407,64855,6491,11277,1739,15052,30296
3108206,458719,15723,308154,17616,83283,33943
3111150,40662,1219,5504,1198,9908,22833
3112505,123379,7700,3774,19515,48780,43610
3115102,436435,31448,108635,26683,174085,95585
3123205,352232,36787,56003,36426,157737,65279
3124708,165292,4796,102756,5743,30967,21030
3125705,281155,24640,66003,9325,99961,81225
3126406,51272,2022,11101,3804,14356,19990
3129608,114963,6438,34060,4736,27460,42268
3134301,91622,2823,30313,3636,23439,31411
3144003,508583,39069,118792,67802,159817,123102
3149408,30268,893,6932,751,7501,14192
3149705,227190,21373,14890,63562,72927,54438
3152303,130247,6422,24225,11001,37699,50899
3152907,228649,10967,59912,42677,70341,44752
3160603,50200,1480,14834,1881,12066,19938
3162955,625195,89372,9300,198621,193909,133994
3169109,107161,8049,13214,14044,39227,32627
3171907,62674,1949,12538,1958,16516,29712
3105608,3523135,456775,158244,588802,1713451,605864
3113503,220682,9514,102942,9273,54104,44849
3122504,69648,4072,2305,3763,30924,28584
3123809,92061,6996,13877,4156,28287,38746
3126208,314917,19579,156601,11626,74471,52639
3127602,198923,13970,9034,44944,71596,59379
3130101,967312,93451,88040,176873,385672,223276
3131703,14971929,462303,24520,10408672,3475027,601407
3140407,42794,1440,9709,981,12957,17707
3141603,151768,11755,18406,14058,58374,49176
3141900,163786,9857,74265,22674,36001,20989
3142601,228158,16576,60774,42358,67554,40897
3145109,385669,23296,144473,19062,122379,76458
3145307,330447,23624,33813,15602,121578,135830
3146503,531428,59751,43263,267779,110563,50072
3150000,47101,1302,6929,980,14065,23827
3153509,125604,6799,33627,6020,39878,39279
3161205,150481,11987,44970,6888,54047,32588
3165800,35496,1173,12156,1014,8606,12548
3166956,47456,1295,6297,1644,9536,28684
3101706,674900,48480,24789,90793,311961,198876
3105400,2439013,157332,19329,1486797,595412,180143
3119104,612295,47617,62456,212049,177111,113063
3123403,84134,8664,13217,32907,14748,14597
3124104,973105,75330,49667,94711,425332,328066
3126505,77814,2514,6873,1310,22320,44797
3128402,173714,16016,22762,34495,56756,43686
3130804,115702,6035,55696,13269,21371,19331
3131000,145789,12797,22827,28994,44118,37053
3136959,65633,2030,11593,2834,16415,32760
3138104,192541,8636,103639,4224,34758,41285
3140530,215681,24474,26413,55296,68393,41105
3140902,425322,57012,46004,20361,220463,81482
3144607,618502,43854,195586,23496,226844,128721
3145851,70864,3613,9565,7925,21198,28562
3151404,741338,59152,88240,131366,339566,123014
3153707,77631,3591,30618,2704,18100,22617
3157401,76965,3619,12234,19991,14992,26128
3157708,860482,81175,230710,216684,254339,77574
3159803,802690,64984,219824,131302,244158,142423
3162906,506309,37884,21061,105948,217977,123440
3167905,65731,5007,8928,7442,23243,21111
3169703,443706,29692,148131,32017,134164,99703
3169901,3573940,451171,32833,1162924,1455566,471445
3103751,1294616,55989,60753,916762,196111,65001
3116902,154809,6623,91934,5385,27974,22894
3118601,36479765,6850386,3053,9142356,17499213,2984757
3119203,125593,3615,20283,13046,36099,52551
3122900,109905,5365,31827,5460,32909,34345
3129509,1534749,166523,479993,273352,481801,133081
3133006,1182177,204981,19961,593819,290768,72648
3137601,2189391,348604,4776,455820,1036631,343562
3143906,2655056,250778,59852,241990,1530904,571532
3164431,66816,1854,9521,18538,15453,21450
3164902,35692,1452,5972,1436,11171,15662
3169059,70719,3030,23532,2743,18263,23152
3172202,33088,1784,5988,2519,7553,15245
3100807,94615,3483,33973,3194,26822,27143
3101508,971810,59101,13247,330892,404735,163836
3105509,63115,1952,12415,3569,17488,27691
3118403,383878,24773,62904,20432,157967,117803
3123502,79333,4789,28396,12366,16354,17427
3127503,68973,3365,7614,3557,21523,32915
3128600,750723,25619,521504,32419,124304,46877
3132008,61721,1693,21654,1000,9160,28214
3137809,405064,37184,44908,39397,185057,98517
3148004,6145130,687875,671617,1011587,2997759,776292
3149606,85506,4453,29328,4742,23166,23817
3149903,627041,61205,59683,150705,255615,99832
3152105,2144994,311565,41428,448754,1036689,306558
3162948,891476,13415,87668,678372,67684,44338
3164308,323185,23528,151225,24493,85763,38176
3164803,25970,605,4467,580,6192,14126
3168903,379859,32907,169944,38281,100100,38627
3170479,97097,3572,47065,2773,21741,21946
3103900,474337,24445,239755,45757,116603,47778
3106002,568260,10409,5729,371460,124421,56240
3106507,112832,5069,7940,2907,40999,55916
3110301,337663,25437,70051,52583,121062,68530
3115409,40793,1382,7976,1563,10236,19636
3117207,61043,2285,23761,2038,15326,17634
3123007,320215,51088,6287,132205,80691,49944
3123106,190683,8900,10060,111014,31351,29358
3123858,64926,3208,5265,3000,23347,30107
3133808,5084952,875706,43731,2167102,1536980,461433
3133907,71363,3348,11330,6044,20421,30220
3136553,72338,4896,10209,8211,20290,28733
3137007,147330,3782,24142,2446,35192,81767
3137502,565583,34815,218861,53397,162978,95533
3139409,3278527,441401,176179,692368,1538727,429852
3142809,757892,38810,375995,35002,203856,104229
3146255,58192,3249,1182,1601,19499,32662
3146701,103673,6190,21199,4118,38519,33648
3157278,56244,1683,21441,1552,11575,19994
3162575,81243,4682,7833,8006,29507,31216
3163409,67388,2298,13246,2492,19803,29549
3100302,262687,20259,66752,14021,100230,61426
3101409,153961,32244,18311,6171,76562,20673
3120805,317748,19993,64923,27826,125308,79699
3122470,69302,4021,24979,2112,17893,20298
3123700,157033,11108,15036,6279,63885,60725
3126950,35559,992,7656,606,8071,18233
3133758,724266,87613,26986,349764,172195,87708
3136520,51745,1526,10672,1600,12438,25509
3140704,1079651,97952,32711,437857,352500,158631
3144201,37386,916,6570,1068,9215,19617
3146602,27301,988,4677,1240,7639,12757
3152131,52076,2019,6198,3150,14443,26266
3157336,103519,9200,57,7165,47153,39944
3162104,1189360,151968,130818,125151,608968,172455
3170602,87637,2910,43269,3675,18987,18795
3107307,1225284,163221,97989,318571,407208,238296
3117603,494122,40283,23387,285892,108519,36042
3122009,319462,24873,58634,14769,133850,87337
3127107,2473118,383081,413665,358096,1007648,310627
3139102,301988,11939,174758,28922,57724,28645
3143708,44118,1716,6471,1215,13416,21301
3150570,71219,2465,10491,2328,18901,37034
3152808,1293341,120607,416406,168794,440312,147220
3153608,203136,26882,3365,50832,70165,51892
3155306,113745,9734,20079,7798,46160,29974
3156007,140768,5862,30867,3287,44396,56356
3160009,67920,2081,20032,2612,20056,23139
3160504,28497,1025,5044,629,8235,13565
3164100,81787,5748,13280,9835,26392,26532
3164605,597003,89388,77595,234228,155198,40595
3167806,81877,3219,17220,4346,26138,30953
3114303,1060224,102757,268999,115686,412202,160581
3121100,125715,6216,29905,16151,33951,39493
3134509,172515,6231,55593,53476,33963,23251
3136207,4851241,561272,3795,2435591,1442291,408291
3138500,107638,5486,35743,5005,35080,26325
3140852,158638,7026,53957,6266,30669,60720
3141405,253051,14462,15763,28665,97881,96280
3142908,256132,15021,20745,10961,109381,100024
3148103,3678404,369287,884670,392231,1564521,467694
3154705,105348,9752,9974,6153,55582,23886
3159506,179081,5221,83411,27162,31858,31429
3171501,43931,2422,5450,1667,13784,20608
3100401,64907,3478,3564,12309,22209,23347
3102209,54648,2060,10161,1951,15293,25182
3106655,61026,2214,15012,3301,14134,26365
3108107,135482,9368,25977,17754,47393,34990
3111200,1244647,126417,83677,172096,598893,263564
3115474,56844,1727,8851,2103,14258,29905
3118106,49300,2093,5423,1372,15030,25383
3121258,466767,68830,24286,169671,141550,62429
3126703,451860,55412,44167,15786,214110,122386
3126802,80106,2753,23887,2452,18633,32382
3130507,265384,15299,90096,11997,85839,62153
3131158,180315,10172,1869,9332,69466,89476
3159001,103786,8553,3139,8079,58247,25768
3160405,843029,45702,352781,47343,263047,134156
3161502,264434,29293,20096,90240,66957,57847
3171105,170434,5051,101522,6844,29158,27860
3104601,292035,25911,24132,74135,96649,71208
3106101,61571,3038,15436,6261,16430,20406
3107109,1058550,91566,253237,86831,435502,191415
3108909,198032,17310,29319,13927,73687,63790
3118205,490137,20779,158527,179933,85330,45567
3130556,101174,2583,38535,3329,21405,35321
3134004,148258,8774,14207,18519,39963,66795
3137908,52131,2898,8636,3221,16443,20933
3138005,95788,4385,20736,6379,29156,35131
3139201,235819,15151,24647,23477,88484,84060
3139250,60107,2439,4496,2095,16621,34456
3144102,535441,48980,77613,76701,230883,101265
3147402,918487,77322,47061,149845,522423,121836
3160454,70750,2242,6216,3797,18224,40271
3166105,49778,1802,12440,4417,10447,20672
3166501,45066,1281,5921,1455,10387,26022
3100708,229831,5208,154963,9889,39715,20056
3107505,127774,10061,25773,9551,46169,36219
3119807,165603,20804,37657,5349,81889,19904
3120839,74054,4206,12701,3701,24985,28461
3123304,66847,2814,19968,2186,18589,23290
3127404,94285,8606,11314,6493,42918,24952
3135050,849210,73887,208983,147112,230823,188405
3138351,66205,3038,11521,2768,19287,29590
3145802,64915,1995,27543,3812,12306,19260
3150604,303200,8785,26165,160917,72593,34740
3153905,193699,10107,326,43345,64580,75341
3155207,59610,1966,13514,1650,16423,26057
3157500,51019,2042,6492,1812,15608,25064
3167608,285287,12676,89366,10451,82504,90288
3109006,4624938,372254,31032,2875454,1035614,310584
3109402,736130,40805,347005,24935,178889,144497
3109907,315264,28774,34268,89406,103489,59327
3111309,231132,13467,68690,9932,78435,60609
3112406,207280,11335,90841,15342,53409,36353
3118502,31451,1428,9811,784,6969,12460
3118700,234166,12189,98530,8104,70353,44991
3118809,272891,15525,47026,12314,77495,120530
3122355,178208,27354,2846,35781,72722,39506
3126901,150490,10925,12081,23499,58629,45355
3131505,188530,14155,36810,10293,78643,48628
3134400,2017455,194899,163573,791694,660698,206591
3135357,77423,3591,5883,3169,24513,40267
3136801,51609,1702,10851,2070,12688,24298
3143005,365890,40709,81144,42666,137096,64275
3146909,374343,32725,36206,105406,125655,74350
3147204,650754,62696,137445,123387,229257,97969
3150406,89821,5526,23567,10099,24244,26385
3156106,90357,3890,24709,12538,25596,23624
3156452,67739,4244,8742,3184,22396,29172
3165602,38035,2144,5662,3721,11341,15165
3168804,205707,15956,7230,15311,123483,43727
3169505,82915,2907,15729,3596,24722,35962
3113602,174197,18638,29069,9933,81574,34984
3118007,4115644,316547,3825,2343552,1038151,413568
3120706,184043,7839,103809,8076,39338,24982
3121704,42942,2120,5610,1052,12606,21555
3123908,270226,21294,35764,23121,115739,74308
3127305,113734,4726,17937,23056,33402,34613
3128204,115228,4149,21988,5995,34468,48628
3128907,327236,14172,124603,79588,66486,42388
3129905,77638,4261,26006,3966,23124,20280
3133303,308690,27566,8641,15746,154043,102695
3134905,1143965,225002,45068,340837,394607,138452
3145059,116257,4792,24828,9203,37123,40310
3156700,4201730,349567,3156,1846009,1400188,602811
3158201,170840,8450,21490,6340,67180,67380
3168309,65923,3699,7555,7524,21952,25193
3101003,236649,20529,52991,8907,88262,65958
3110806,53464,2545,6982,1860,18934,23143
3121506,50625,1668,14227,2039,12613,20078
3124005,409477,20570,138569,21222,135023,94093
3125101,13651225,4449855,11357,2420914,6466084,303014
3130051,111447,3371,24441,4048,24412,55175
3130655,87312,2431,24823,7344,16261,36453
3132701,341052,25581,42929,23662,141241,107639
3138625,462851,38826,131396,136957,106668,49004
3147600,472423,45786,97796,88315,162612,77914
3147808,42087,1431,10588,1227,12089,16753
3149952,111678,10497,9511,9354,43909,38409
3157104,132072,4775,14583,38667,33590,40456
3158300,242910,24968,71338,38805,70532,37267
3170057,167991,9497,36453,9775,52909,59358
3101607,3485867,522563,285844,507199,1759700,410561
3112208,62476,3121,9942,2038,21301,26074
3118908,146187,8637,41493,12072,44484,39500
3129657,51265,1469,3829,1691,13448,30829
3132305,121602,4766,10471,2937,38081,65347
3133709,6934792,122137,34264,5451969,1247238,79184
3135100,1603651,184465,60175,316336,690171,352503
3141207,97194,5736,33027,13103,22437,22891
3142007,163017,11759,13889,7088,61816,68464
3142700,165416,8887,19857,6460,60304,69908
3143807,128563,10918,18440,19357,48568,31280
3144508,668882,21978,69390,405211,125939,46363
3145703,40532,1098,14660,1326,8674,14774
3146206,67814,2128,12765,2760,18808,31353
3159308,74817,3861,14376,2046,26912,27622
3168101,689238,60444,123205,366261,99245,40083
3169356,3151633,400975,88355,1955697,518723,187883
3170107,20397519,3114714,1425496,6133709,8030613,1692988
3170438,130424,4588,70426,5614,25430,24366
3106705,33132919,5688918,18120,14553861,10566143,2305877
3107901,160232,9746,35441,7963,54480,52601
3110608,1865719,359740,37785,724180,598066,145947
3111507,434286,30865,161758,15900,146907,78856
3112901,143751,6752,50931,5066,35891,45110
3127909,44200,1106,12477,1528,10368,18721
3133600,848636,192779,11335,38583,551578,54362
3136603,107518,7892,18939,8354,41006,31327
3140209,74979,6296,12088,12850,24747,18998
3145356,121571,5994,20028,7020,36345,52184
3146750,63874,2189,8498,3472,19712,30003
3147006,7198617,361912,1133352,3309468,1867838,526047
3147907,3024709,306020,310026,305282,1580739,522642
3154309,277857,17773,27868,16691,124625,90901
3155108,52673,2198,6249,898,16150,27179
3158508,116685,5076,45963,4844,25435,35366
3159357,151813,15083,22990,30234,46294,37212
3161601,44821,1583,6327,1060,13323,22529
3169208,130979,9046,19242,5131,58383,39177
3100906,287599,21947,21207,24030,128821,91594
3114600,177651,6789,101936,6061,38568,24297
3121605,984259,75881,64945,100772,522319,220342
3122405,129555,6011,50118,5255,38393,29777
3135456,79480,5631,13510,1563,21590,37186
3137304,59611,1492,18974,2121,12656,24368
3138658,93858,4023,3420,3644,30245,52525
3145505,43929,1896,9462,1188,13251,18132
3150158,140778,7590,39253,6917,42739,44279
3151503,1280835,133325,296353,125534,548914,176708
3162609,101877,6327,10318,12855,35129,37247
3163904,148166,6868,71613,5634,37977,26073
3104106,346704,54007,29867,86158,120950,55723
3104700,199016,11837,50287,23601,53893,59398
3108503,75753,2803,11421,12352,16153,33024
3113008,210428,11014,22223,22105,51349,103737
3125952,156889,7544,45368,5561,46181,52233
3135308,101337,5076,36439,5129,28479,26216
3143104,1558716,156222,392909,88495,679189,241901
3148707,401448,20209,14187,108960,136724,121369
3152170,122556,7120,9882,4701,40370,60482
3154507,532748,25057,47609,322241,84285,53556
3158607,47378,1837,4367,1569,15187,24418
3158904,189846,11090,79543,7944,50624,40646
3162302,55082,2490,18127,1490,15454,17521
3167400,141556,8600,46269,16498,38529,31660
3168507,191322,10086,23939,27370,71442,58485
3100104,176774,9062,75111,10618,43394,38589
3103504,5837823,673599,539102,1882450,2145326,597346
3107703,160334,21389,10696,4892,90131,33226
3113909,321643,15862,131351,16453,93984,63992
3119302,1535205,101674,709975,127860,449999,145695
3136504,107172,3996,15304,3273,32473,52127
3138203,2941931,369643,145241,447095,1475371,504580
3140100,57719,2282,11691,2161,16582,25004
3143302,10800251,1337047,156031,1962106,5465198,1879869
3144706,432891,42043,15748,105621,177436,92042
3146008,934189,131131,58973,156445,435049,152592
3149150,109590,3792,17602,3270,26107,58818
3155405,120108,7550,9882,7903,51056,43717
3156304,550096,65101,40904,297268,105634,41190
3160959,91417,8198,16322,2574,32536,31788
3170651,68130,2015,18491,4548,14056,29019
3104304,309348,22121,57214,28294,129333,72386
3116407,182017,17456,40499,52513,44202,27348
3119401,1996019,202271,4187,183039,1108157,498364
3120003,38526,1115,6586,3115,9846,17864
3122306,8331346,1113360,109940,2215246,3804147,1088653
3125408,73739,2717,21636,1867,19907,27611
3126752,102828,3103,16439,29661,21393,32230
3128253,78027,2181,30401,1974,14215,29255
3128501,57636,3813,5500,6788,18303,23233
3135605,130474,10031,33022,14031,35500,37890
3147105,4025297,637160,128982,1134222,1660968,463965
3149200,204115,17887,92550,6370,59983,27325
3150802,200178,9421,35574,8114,68423,78646
3151305,200665,17085,22042,33721,75224,52593
3151909,121719,8236,32372,2766,39036,39308
3161809,311248,29578,27106,112187,81722,60655
3163805,105089,4508,32883,5600,25879,36218
3104502,318620,17498,96702,11576,101840,91005
3104908,381042,25574,45769,36104,178568,95026
3106804,41578,1446,9903,732,10416,19082
3109204,180725,8560,56678,6809,55684,52994
3111408,710907,56046,316157,127003,159192,52509
3112109,97624,5458,31826,3498,30119,26724
3112703,501518,43766,34685,239445,108638,74984
3129301,176419,14469,17272,29072,61749,53856
3130903,404796,24938,67000,20233,178523,114102
3133402,514269,47474,158473,85923,142844,79554
3135506,193981,9713,56906,8944,57189,61229
3144805,21042646,1134198,3335,13943010,5225499,736603
3151701,403867,35023,106018,33743,154717,74367
3157906,354063,11228,172775,11688,78997,79374
3159704,102034,2796,49636,6347,21197,22059
3165206,137362,7895,35981,11453,46728,35305
3102902,241904,23197,39128,50582,71947,57051
3103207,59998,4620,11726,15446,11231,16975
3106606,53792,1240,12087,1029,13279,26157
3115805,351070,29410,112550,13011,145897,50203
3117504,9051036,90840,21947,7129234,1669419,139595
3119708,90916,5810,28175,14855,21250,20827
3127073,47086,1515,3577,1957,11421,28616
3129400,103561,3390,41621,3508,25649,29394
3131406,183084,5367,105370,8100,35692,28555
3132909,236365,16561,74593,8834,82900,53478
3133204,151296,6425,17312,9880,57788,59891
3140308,60450,2794,7318,2149,18022,30166
3142403,152615,14424,21405,6488,71864,38434
3146404,82825,4590,25695,2604,24856,25081
3148905,116154,9952,35466,19344,27169,24223
3167103,292440,18486,29268,15138,131472,98076
3102100,180132,5676,67073,6717,49606,51059
3107802,171128,8104,31963,7875,57671,65514
3113107,41483,963,9041,1263,9503,20712
3113206,751899,84374,134523,173999,231900,127103
3114006,265730,28088,28206,70687,80392,58356
3114105,290443,26539,65776,9686,113452,74991
3124401,122239,11308,28826,18543,37172,26390
3127206,83333,5157,15041,11782,21975,29378
3135076,82540,2408,30172,5191,16648,28121
3141504,77396,3764,9915,5729,25892,32096
3142205,334110,26833,13923,124405,101239,67710
3149002,42293,1289,8649,1282,11859,19214
3157377,49009,2633,4874,1058,15795,24649
3159209,227955,15261,62554,37455,68709,43976
3170503,239997,24906,29697,60163,72511,52720
3107000,64479,3242,23744,1890,17241,18362
3110103,88656,4181,28005,3064,24716,28690
3117405,81016,1781,21269,19792,12942,25233
3119955,320637,42726,20935,151286,69729,35960
3121902,63715,3757,8388,7126,21332,23113
3124203,411020,31270,60692,19995,181543,117520
3125200,58635,1582,20909,3171,17118,15856
3126307,111306,6229,28625,26418,24301,25734
3131901,13139828,538941,8517,9350936,2818850,422585
3141009,157578,8210,11282,8404,72042,57639
3144656,126384,5336,40081,5056,25434,50477
3146107,9520035,402984,30549,6363319,2260616,462567
3148301,136815,8068,35607,5140,43724,44275
3156908,2090987,176677,687267,436784,615046,175212
3157203,1628493,70554,21230,923387,450621,162701
3170800,1067613,165878,101082,330955,275097,194601
3171709,180446,7767,52052,5265,75260,40102
3104403,40092,1895,6580,987,12111,18519
3111002,486392,33187,144884,24474,182462,101385
3133105,470229,28098,175470,35472,153259,77930
3136009,162644,6666,23803,6683,49467,76024
3140506,474772,43955,130382,71451,161389,67595
3144409,115354,8844,37920,6437,36625,25528
3145208,2635892,274638,16002,740755,1076555,527941
3161304,194087,7713,92870,9492,45776,38235
3165107,195273,9093,84033,14828,48536,38784
3169307,2959361,444806,338109,574598,1214528,387320
3169406,1879264,247732,212415,341970,787997,289150
3103009,894624,27033,32327,596954,179478,58832
3108800,213084,2475,16830,146911,17311,29558
3109451,477388,11128,225232,130301,62561,48166
3112604,666601,47016,279994,51324,207026,81241
3120300,59171,2034,7703,2051,14870,32513
3128006,996965,102182,48641,229855,451597,164690
3136306,2156171,212039,594332,429340,675344,245116
3142254,46808,1430,3916,1215,12230,28017
3154903,237367,16057,32761,11519,106779,70251
3160801,89310,3567,27791,4037,24825,29090
3165578,89448,4824,18774,3401,31183,31266
3168408,188341,8916,27694,7838,73013,70879
3102704,125598,11147,7113,4005,57434,45899
3105707,81927,6483,15599,4259,26506,29080
3108255,101039,3964,12067,2497,24134,58378
3112653,60813,2060,8381,3340,16617,30415
3117836,63480,1591,5854,1522,15132,39381
3132503,647509,32307,223822,46298,181787,163295
3140159,198000,15040,15263,13910,82789,70997
3140605,60534,2039,16090,1854,15214,25337
3149101,182678,8335,52016,8719,61042,52566
3155801,417439,46924,19884,74461,193914,82255
3164407,443000,87290,24955,80925,213861,35969
3167509,104072,4946,5116,57666,16939,19406
3169802,139820,6900,63352,7274,34520,27774
3171154,64216,1800,20750,1584,13934,26149
3172103,140361,22319,12821,30882,43597,30742
3107604,196096,15981,84223,13590,56623,25679
3109303,1164015,54281,625333,69514,283253,131634
3113701,474792,43627,96102,79369,156471,99224
3115904,47151,1796,5966,2795,15890,20705
3116159,403118,32218,167954,12308,119274,71363
3127800,770889,10711,184816,437051,56596,81716
3128105,390784,18914,167532,14954,109764,79619
3130309,587430,83624,131645,209271,125842,37047
3130606,132576,8815,36173,10769,39998,36821
3135902,104204,4280,44001,2829,26504,26589
3136579,58028,2196,15879,2116,10428,27408
3139508,563494,84026,43008,13113,309629,113718
3142106,174006,11090,38362,10757,60444,53354
3142502,46811,1193,7521,12955,10035,15107
3153400,731489,36077,382699,30421,178430,103862
3154150,121225,5882,30322,8848,39069,37104
3166808,983222,26060,429056,266287,189575,72245
3168705,5611339,728712,1663,3162686,1275599,442678
3170305,44172,1662,12798,1666,10263,17783
3101904,524218,38771,159833,36193,196512,92907
3105103,780013,64681,245778,86418,273969,109166
3109253,47558,1417,10169,2489,11360,22123
3111606,704550,36918,272058,33000,232246,130328
3114808,80638,4301,23841,4485,23289,24721
3117876,485732,62191,387,38071,334753,50329
3120870,80453,3331,10329,4655,22142,39996
3122801,39052,1014,8851,868,10415,17903
3125309,64378,2338,24146,5253,13604,19037
3129806,3203506,278747,2938,1180642,895131,846049
3136702,20297559,2843472,55014,4534878,10195934,2668262
3139805,227578,18850,20708,37587,93067,57365
3143450,91071,2274,21063,2489,21350,43896
3150109,92672,2547,14863,42139,14199,18923
3151800,8531692,1505656,78108,2047213,3827422,1073294
3155702,1339301,28039,22347,937159,273872,77885
3161007,313491,33071,32429,28758,133987,85246
3161650,49944,1606,8528,3785,13495,22530
3163003,49560,1962,3256,3979,15208,25155
3164472,104241,4364,27811,4946,31027,36093
3164704,2236521,293249,186671,427394,966004,363204
3166402,45232,2817,10424,3215,13827,14948
3168051,49070,1552,13214,1818,11650,20836
3171303,1811859,168607,31310,187358,1038710,385873
3101201,128549,6651,36086,3035,51238,31538
3109600,51864,3700,2452,3534,20646,21533
3110004,1074938,88487,28647,288287,457302,212215
3114550,407481,28310,145994,64161,102569,66448
3115003,80004,2392,35711,2846,16366,22689
3116100,111127,3159,9747,2802,28018,67401
3120151,76419,1644,24758,1449,13650,34918
3121308,81745,5536,8993,17858,22674,26684
3125002,54364,3804,4013,4977,18884,22686
3127008,935152,16910,14944,667522,117385,118391
3136900,274109,21211,76533,46405,76471,53489
3138674,132789,3137,68198,4091,23577,33785
3140001,7367378,199338,18556,5067056,1648747,433683
3153004,154731,7322,91852,6054,27043,22461
3154408,373035,53162,31409,160679,95271,32515
3163201,57940,3569,8117,2699,20561,22994
3100609,192074,9249,56491,7671,54786,63877
3119005,113770,4340,57602,9492,21831,20505
3122108,61695,2943,8553,2550,20073,27577
3123601,705930,77424,143200,104694,247637,132975
3126000,142809,11863,16938,13312,60956,39740
3127701,7382837,854895,65863,848739,4131475,1481865
3130002,59358,2632,21001,2077,15267,18380
3134806,150968,7266,52168,6097,46922,38517
3138906,112451,7948,14646,13376,38247,38234
3144904,58650,2186,12501,3709,16024,24230
3148756,96477,2619,32599,2759,19824,38677
3154101,123322,6503,12693,2620,47151,54355
3158003,269043,25028,18931,65036,105333,54715
3160108,85672,16917,10803,12421,20636,24896
3160702,1102977,173128,21028,290979,406171,211671
3161106,648148,40830,75359,35194,245087,251677
3161908,7603851,172851,12551,5826650,1415043,176757
3164506,100816,4387,20718,2934,28280,44497
3165909,92207,2280,44693,7207,14777,23250
3167707,67373,2342,10686,2433,21559,30352
3169000,349691,34271,40131,57477,140202,77610
3170909,187206,10199,8897,6777,66724,94609
3103603,88542,2008,45681,4307,17764,18781
3103801,172816,26759,30300,43594,54018,18145
3104007,8950863,1178552,190765,4272410,2705003,604133
3107406,1814096,204656,205853,300754,863723,239110
3108305,374865,35316,25754,57543,163279,92974
3110400,70874,1898,33932,2598,14292,18154
3111903,80138,4186,16528,4022,25851,29551
3114501,461604,49999,46689,78560,185405,100951
3127388,62270,4031,4713,3266,25842,24418
3129202,133454,7819,41483,5570,47622,30959
3131307,17609177,1968497,3358,9195872,5138968,1302482
3135407,1953259,273796,10477,1315070,293714,60202
3139904,203136,16144,19527,14423,83989,69053
3141702,59463,2069,7585,1470,18438,29900
3157807,5290589,691072,4236,1731522,1844721,1019039
3158953,750463,85949,12579,182547,298909,170479
3161700,325580,30788,112784,38067,102416,41524
3167301,35150,1107,7447,1341,9264,15991
3170206,43129285,9201421,921227,10575603,19167843,3263190
3101805,94597,6433,9793,7770,32621,37981
3113800,39788,1446,7741,742,11235,18624
3116803,121196,8912,19687,5163,45755,41679
3122702,107932,12290,7670,18284,42127,27561
3124807,351924,15113,184656,46087,61561,44507
3128303,549336,80308,41992,171407,160196,95433
3139003,1373850,189659,201085,173044,611885,198178
3141306,247330,7774,162645,9923,41693,25295
3150901,78368,5046,9423,12799,23088,28012
3156502,80085,2411,10702,15604,17735,33633
3160900,80505,6311,3712,3377,38860,28245
3165503,68802,3492,6754,3351,22617,32589
3170578,77331,5456,4868,3692,29898,33417
3101102,638010,36566,62403,198203,218228,122610
3116001,114181,6952,24672,20144,32955,29458
3117801,225127,24435,11345,55872,78036,55439
3120508,233896,12990,59544,47690,63298,50374
3144672,83428,1655,43469,2499,14950,20854
3148806,57727,2215,12269,6688,14211,22346
3152501,10720093,2212043,109543,2437010,5154224,807274
3153202,49095,2309,12286,2008,10273,22219
3153806,40046,1172,13224,1026,9449,15174
3157005,667409,62645,27609,62043,317434,197679
3160306,114554,4485,11057,4744,35984,58284
3162401,268895,12838,37952,11046,82289,124769
3163607,44175,1234,11532,1560,11041,18807
3171204,3020537,537997,1174,779300,1058734,643332
3101300,47717,2066,12808,2785,12150,17908
3116308,73306,3058,9277,4928,23686,32357
3121209,247245,10903,112479,10261,65539,48063
3130408,494882,84537,15809,273753,82706,38077
3131109,90737,5775,13001,8268,27358,36335
3143153,44055,1218,4634,807,10161,27234
3145455,211931,6009,139219,6945,23324,36435
3148400,67350,3453,16198,5629,17203,24868
3151206,2875259,544253,63679,1203810,775469,288048
3157302,70594,5191,10689,2720,27813,24181
3158102,49995,1422,4730,1169,14119,28556
3159902,354432,25789,86896,19172,133809,88767
3166907,161647,9996,43775,16614,53074,38189
3168606,2951670,273231,90727,368541,1571981,647190
3171030,115451,4752,37018,3991,22185,47505
3103702,122296,3704,47885,3939,25542,41225
3110509,990373,161532,18711,313583,380424,116123
3111804,678012,77379,203270,176493,160679,60190
3114204,629040,75993,84364,134764,213592,120327
3120409,123694,8228,33701,12544,38454,30767
3124609,42898,1631,10642,1540,12556,16529
3125507,48754,2240,8621,2885,14041,20968
3126604,75609,3971,22579,2663,16823,29573
3127354,41129,1834,4822,4141,9657,20675
3135209,824599,62066,54588,36273,376185,295487
3135704,126191,6821,45431,7612,37055,29272
3139706,233154,28122,21318,78380,66670,38664
3141108,1506154,196264,13237,702818,413610,180225
3151602,574328,14681,123719,273523,92286,70118
3157252,111650,6187,24989,5140,36111,39223
3157658,57951,1678,8449,1052,15288,31484
3158409,49933,2018,6824,2197,15400,23494
3163102,114407,5343,55240,2114,24803,26907
3165701,106777,6385,10241,7354,43282,39516
3102506,55926,2294,11818,1998,15569,24247
3116506,83730,3405,16942,3973,21620,37791
3117702,343578,16116,140658,17584,106304,62916
3119906,45638,1696,6999,1742,14790,20411
3120904,2230617,225162,224572,435713,980125,365044
3127057,48953,1188,7919,831,12566,26449
3131208,344577,31760,27228,32195,154354,99041
3137205,1986274,274353,57576,568246,843303,242796
3138302,55510,1797,15934,3004,15022,19754
3138807,657025,61966,160850,55348,287359,91501
3145604,1105051,102850,121511,190300,502921,187469
3156809,334745,12792,42776,107395,101981,69800
3162500,3005052,352049,292264,590374,1364426,405939
3162559,183099,10752,47629,8291,56627,59801
3164001,134410,11075,29879,17148,42603,33706
3165008,246094,17441,65685,37339,75078,50551
3166006,81083,3654,15272,2374,30182,29601
3166600,21891,604,7918,811,4097,8461
3166709,91034,4048,15706,3734,27505,40041
3167004,38562,1093,13493,724,9090,14161
3168002,557419,40156,59332,42758,252046,163127
3103306,31362,1095,4675,2211,8449,14933
3108552,415095,31204,152850,20593,130360,80088
3108701,50032,2179,7156,1752,15078,23867
3110707,370862,14623,177703,12657,105653,60226
3112307,888063,77390,178060,92949,362131,177533
3114709,71387,2275,27209,3841,16316,21746
3115201,68733,2209,26902,2323,15075,22224
3115508,371035,27007,4115,26098,210962,102853
3116209,37253,1425,5729,1221,11506,17373
3117900,220411,22661,18052,22190,98220,59288
3122207,82295,3493,12791,1710,26580,37721
3125606,75707,2453,9273,1365,23274,39341
3132206,402464,46639,31078,87719,167060,69969
3132602,67336,3014,16731,3339,18324,25928
3136108,110227,1847,6736,57649,16913,27082
3137536,292506,24266,121019,13841,83830,49550
3138609,339660,28046,54052,33702,142997,80863
3139607,476940,35640,38392,25400,237155,140353
3147501,23595,868,3014,825,6259,12629
3158706,39157,1431,9192,753,10127,17655
3160207,44707,1312,7811,1176,11324,23084
3162252,60418,2786,14162,1302,13713,28455
3163300,53046,1520,11332,1214,15467,23512
3170750,316199,9806,180398,24954,61026,40015
3171071,133052,3673,55822,20820,21480,31257
3100500,165824,2957,21965,75038,24519,41345
3102803,291937,22308,78768,16611,112517,61733
3105004,201277,6577,24133,92324,39328,38915
3105905,608921,83844,5469,239941,178830,100836
3106200,105829675,13745342,4388,16150132,63186009,12743805
3109105,240738,25947,50018,8827,104587,51360
3112059,56761,1871,10128,5995,13397,25370
3116704,139845,12300,30316,9826,51600,35803
3143203,483352,32938,115704,33158,193264,108288
3148608,270148,12365,81989,6138,83289,86366
3149309,1939056,239375,12335,681403,684887,321056
3158805,105993,8978,10902,24267,35827,26019
3169604,946559,80267,281661,114879,319118,150633
3102050,97111,5582,19090,3300,36227,32912
3103108,28571,797,4350,922,7520,14981
3104205,2346520,321558,112415,1000671,712173,199704
3108602,377425,22856,18527,24311,151033,160698
3124500,601894,71585,78907,199733,196841,54829
3129004,114431,8168,23317,8577,35577,38793
3144359,90048,5845,4458,4223,38387,37136
3152204,526939,34242,94114,34202,190425,173956
3165404,110272,7377,14692,15449,38358,34396
3166204,115769,4141,21098,9998,32404,48128
3168200,56041,1081,31754,1587,8729,12891
3170008,117219,4200,14434,4898,33271,60417
3170404,4319563,382411,1610992,323552,1534271,468336
3170529,193242,8736,51770,6262,42568,83906
3170701,8093810,1842340,88572,1549576,3920910,692411
3102852,144541,6836,49167,11784,34996,41758
3105301,86583,6357,7068,7854,34847,30457
3124302,363982,26923,18566,31372,139797,147324
3126109,2214110,218282,258240,353105,1056826,327657
3131802,136423,7196,11006,11798,54018,52405
3133501,629195,59606,90091,168770,209772,100955
3135803,274832,14229,26488,12013,105190,116913
3138682,65474,2704,6593,1824,19445,34907
3145372,70417,7740,2932,11903,17523,30318
3145901,8842769,1524586,9792,5664004,1416959,227428
3147709,480322,56868,28793,249635,102765,42260
3147956,55018,1572,5499,1555,13458,32934
3148202,116065,12148,6522,20887,44439,32070
3148509,93078,3626,18872,2881,26851,40848
3152600,277468,31355,91199,42047,78823,34044
3154002,423415,26361,93729,26853,161763,114708
3162005,987545,120257,157543,203916,381139,124690
3165305,206110,19619,55556,26963,65977,37995
3101631,150663,11678,43651,15342,44700,35292
3105202,59116,1571,12901,2672,14235,27737
3106903,277609,23634,7276,28957,149150,68593
3115458,83289,6278,5941,1975,32979,36116
3121803,90883,2974,18142,4825,27566,37375
3122454,93202,2586,11999,3364,23715,51538
3123528,122893,6440,40050,4399,35679,36326
3124906,221830,14644,48702,32100,72611,53774
3127339,57339,2421,8595,1189,14400,30734
3130705,875663,60805,255034,411512,99234,49078
3136405,72335,5160,14783,5295,17586,29511
3141801,350142,12042,88147,14187,98230,137535
3145877,122059,6999,34136,4567,33592,42766
3150208,62735,3368,11912,2141,19942,25373
3150539,52720,1958,2499,2811,17364,28087
3155009,51873,5315,4417,7241,12942,21958
3159100,49866,1801,7191,2226,14807,23840
3161403,72567,4863,14935,3890,22840,26039
3162922,1083354,139775,46947,432950,295956,167725
3163706,1177922,112998,2664,108697,701428,252136
3164209,243121,9241,121813,10211,44436,57420
3165537,2190992,208578,2994,1256000,538371,185049
3171402,53459,1606,15002,1945,12083,22823
3100203,541239,44182,127034,40613,220439,108972
3102001,296525,15727,90182,15315,104321,70979
3104452,67084,1605,22170,1201,13599,28508
3108404,325926,28365,90172,21041,116038,70309
3112000,371149,25393,111262,38962,123566,71966
3115359,5032358,39337,7502,4069100,874614,41804
3115607,22406,661,4871,770,5416,10688
3115706,87071,5862,7155,3506,36084,34464
3117108,274177,16446,106235,11051,88936,51509
3119500,119865,4007,8370,21638,31894,53957
3119609,60102,3659,13598,2488,20526,19831
3121407,261204,15744,31097,108468,67999,37897
3128808,123659,8792,14082,24623,39263,36899
3134202,3797932,481013,400382,762873,1645158,508506
3135001,109845,13188,2990,33394,39748,20525
3137403,345418,20287,137383,12023,106496,69229
3140555,91577,2954,8019,11732,25876,42995
3150505,281722,33271,86455,6788,109154,46054
3151008,136079,10129,13968,15507,55818,40657
3152402,168795,8539,18692,13367,55514,72683
3152709,229201,16985,44643,61201,64531,41842
3154457,157263,5499,66589,4474,40163,40537
3155603,345467,14143,84507,10202,90704,145911
3155900,69182,3275,6727,3620,27220,28340
3162450,92400,2846,6704,2196,20439,60216
3162807,253108,19285,31799,13146,113095,75783
3109808,269619,34088,67604,7599,129550,30778
3110905,439877,41779,89040,41531,187095,80432
3120102,63270,5114,7369,1955,23602,25231
3120201,295530,16801,105734,14690,90656,67649
3120607,83098,4612,14633,8539,26461,28853
3122603,67823,2997,8538,9527,21272,25488
3130200,578190,90217,49857,206597,176469,55050
3131604,301551,29379,93424,49363,92375,37010
3132404,3288441,588791,16019,811051,1420387,452193
3137106,242527,10271,117110,22160,54483,38502
3143609,51051,1433,19694,1426,9338,19159
3146305,213919,12243,7324,13446,86290,94617
3153103,67716,2426,16730,2960,17970,27630
3154606,5181711,741264,4918,649676,2325690,1460163
3162708,285080,14778,67860,16133,75822,110487
3165560,36665,1160,6345,2806,9966,16388
3171600,131604,6287,9140,5395,45296,65484
3108008,445078,44054,85114,35749,200497,79664
3111101,536834,36167,176588,31220,196284,96576
3112802,328449,33888,48236,25805,166746,53774
3113404,2283288,274854,104001,296595,1186184,421655
3114402,694617,42603,239318,96427,213516,102753
3117306,1318367,125666,415017,208114,425852,143718
3121001,73964,3205,16494,2909,21325,30032
3127370,49908,2891,6545,1380,17413,21679
3134608,297901,20296,19439,16574,144704,96888
3147303,592590,109282,18500,140119,223076,101613
3155504,906353,44021,539565,41498,210567,70703
3156205,114736,16039,3476,47719,31586,15916
3111705,77460,2544,30615,2233,15759,26309
3117009,68129,2725,6389,2188,20112,36714
3125903,147924,9469,29183,5441,57175,46656
3128709,2806366,522122,51222,553429,1424581,255011
3140803,628205,139689,4083,154336,254971,75126
3144300,808599,84546,45108,127511,381715,169719
3144375,75129,4560,16416,2939,28561,22654
3154804,472471,11327,772,270323,119188,70861
3103405,520019,36397,24701,53312,243040,162569
3104809,89041,7165,17997,3213,33740,26926
3106309,2114722,178127,16550,1436167,338456,145421
3107208,80221,3922,18012,4749,25665,27873
3134103,122207,12761,27189,5171,42139,34948
3137700,399673,36994,80201,17161,168163,97155
3139300,243371,13478,37042,10545,88112,94194
3142304,76842,6630,3906,4506,34832,26967
3143401,606448,69793,41812,94869,272258,127716
3145000,1116305,55270,372826,350835,242568,94806
3146552,58645,1578,10512,2030,11313,33211
3152006,1170187,117406,266488,200187,428883,157223
3154200,207535,12802,48273,18135,76519,51805
3156403,271547,7648,182797,16209,42848,22045
3156601,111720,3748,12999,3585,35602,55785
3157609,59942,2681,18606,1909,13254,23493
3159605,1944614,431669,72424,602727,626177,211618
3162658,44646,1259,7957,892,9455,25083
3172004,1351679,182175,16197,460552,492261,200494
3106408,279906,9902,30221,114670,66057,59055
3110202,97321,8968,17233,19180,27794,24146
3113305,639260,40146,42749,64513,336145,155707
3115300,1651609,241364,18176,309054,743335,339681
3118304,3118549,279658,21354,642204,1555904,619428
3129103,180809,5875,109750,4040,29847,31296
3129707,728305,33858,138203,344492,137421,74332
3132107,226363,15313,31303,13426,73557,92763
3132800,35922,1806,6428,760,11109,15818
3136652,1437155,272147,4005,564343,428318,168343
3138401,1113027,113923,74611,82167,600948,241377
3138708,149070,4968,71845,8409,33571,30278
3153301,36194,1168,2048,1009,10359,21610
3163508,99911,6224,22200,13827,25624,32036
3166303,104985,3813,31449,6952,26346,36424
3102308,340215,46105,35149,88914,104082,65965
3102605,1183812,139032,128329,255229,463746,197477
3109501,290843,14927,102850,21579,85783,65704
3109709,537009,61551,46309,253145,117959,58045
3114907,69241,1301,37940,1752,11969,16280
3116605,1118680,169410,63594,345771,397107,142797
3125804,45856,1958,6668,1667,13786,21777
3134707,131584,4638,17446,6492,43038,59970
3143500,541171,20470,334820,28802,100018,57060
3145406,31909,818,5695,810,9217,15370
3149507,62540,4103,4283,14613,17054,22487
3149804,1629092,132930,864212,219652,319869,92430
3150307,110401,4872,43675,8531,29219,24103
3150703,403824,47712,104949,106771,105833,38559
3151107,639090,125391,10550,291710,152464,58975
3159407,61761,2206,22112,2159,13534,21750
3161056,43895,1835,5808,2052,12791,21410
3162203,268158,15134,109263,29846,64809,49105
3165552,122686,3465,37906,3020,24493,53802
3167202,12659740,2188640,36541,4826059,4366717,1241784
3171006,1168648,106851,294442,368094,289597,109664
3171808,183953,11956,32383,6475,80303,52835